<NAME>,Readout,Readout_sequence,15nt_color,HybCycle,Channel
Fgf8,R49,TTCCACTGCGTAGTG,A647,17,1
Rhox5,R50,ATTGTGCGAGGTCCA,A488,17,3
Hoxb2,R51,TCAATTGGGCGCTCA,Cy3B,17,2
Fgfbp3,R52,CTCTAGGATCGTACG,A647,18,1
Pcgf1,R53,TGACTCGCACTGGGA,A488,18,3
Trap1a,R54,TTATTACGGAGGCTG,Cy3B,18,2
Basp1,R55,TAGCTCGACAGGGTT,A647,19,1
Blvrb,R56,TGCGGACCTCTTATA,A488,19,3
Cited4,R57,GCTAGGCACCTGGAT,Cy3B,19,2
Enkur,R58,GCGGCATTGACTAAG,A647,20,1
Gsc,R59,TCGGGCGGCTATAGA,A488,20,3
Hes1,R60,TGTTCGCCAGGATTG,Cy3B,20,2
Mgst1,R61,TGGTCGAGGTATTCG,A647,21,1
Mgst3,R62,ACATTCGTTATCGCG,A488,21,3
Dlx5,R63,ATATTCAGGCTAGCG,Cy3B,21,2
Gp9,R64,ACGCTAGTAACGTCT,A647,22,1
Hebp1,R65,CCTAGGCATATTCGA,A488,22,3
Hhex,R66,AGTACTCTTACGCGA,Cy3B,22,2
Crabp2,R67,TAACGAGTGCTAACG,A647,23,1
Etv2,R68,TATTCGTGAATCGCG,A488,23,3
Fcgr3,R69,ACGCGCGTCGTTATA,Cy3B,23,2
Ifng,R70,TATTGGCTACGGAGC,A647,24,1
Snca,R71,ATACGGACAATTCGG,A488,24,3
Bbc3,R72,GTCGTAATAGCACGC,Cy3B,24,2
Grrp1,R73,TCTCGTGATACGGAA,A647,25,1
Mesp1,R74,CTGCGAGACATTGCT,A488,25,3
Steap1,R75,CGCTAATTGCCGAGT,Cy3B,25,2
Tmem54,R76,TGCCTTGTCACGCAA,A647,26,1
Ecscr,R77,AGCACCTTTACATCG,A488,26,3
Lmo1,R78,CCGGTTAGCAATGCT,Cy3B,26,2
Alox5ap,R79,CCACGATCGCTGATT,A647,27,1
Cfc1,R80,TGGCCCATACTCGTT,A488,27,3
Eras,R81,CTTCAGCGATAGGCA,Cy3B,27,2
Nkx2-5,R82,GTAAGCTATAAGCGG,A647,28,1
Utf1,R83,ATTGCGAGGCCACTA,A488,28,3
Hoxd1,R84,ACTTCAACGAGTGAC,Cy3B,28,2